{"What is your age?": -1.5941050447493642e-14, "Financial status of your partner": 1.333333333333338, "Communication": 1.3333333333333326, "Emotional Intelligence": 1.333333333333331, "Listening Skills": 1.3333333333333366, "Looks": 1.3333333333333324, "Fashion sense": 1.333333333333341, "Fitness": 1.3333333333333335, "Confidence": 1.3333333333333326, "Sense of Humor": 1.333333333333336, "Kindness": 1.3333333333333395, "Open-mindedness": 1.3333333333333344, "Loyalty": 1.3333333333333346, "Generosity": 1.3333333333333346, "Selfless": 1.3333333333333377, "Honesty": 1.333333333333331, "What is your gender?_Female": 3.712879026717931e-15, "What is your gender?_Male": -3.885780586188048e-15, "What is your sexuality?_Others": -2.6645352591003757e-15, "What is your sexuality?_Straight as an arrow": 2.6645352591003757e-15, "language_Hindi": -5.221517662690189e-16, "language_Kannada": -9.922618282587337e-15, "language_Malayalam": 2.1833229668644094e-14, "language_Tamil": 3.701783193468637e-15, "language_Telugu": -1.5057399771478686e-14}